<?xml version="1.0" encoding="utf-8" standalone="yes"?>
<rss version="2.0" xmlns:atom="http://www.w3.org/2005/Atom">
  <channel>
    <title>Sponsors on FRC 453 Website</title>
    <link>https://rockemsockemrobotics.com/sponsors/</link>
    <description>Recent content in Sponsors on FRC 453 Website</description>
    <generator>Hugo -- gohugo.io</generator>
    <language>en-us</language>
    <lastBuildDate>Fri, 24 Feb 2023 00:00:00 +0000</lastBuildDate><atom:link href="https://rockemsockemrobotics.com/sponsors/index.xml" rel="self" type="application/rss+xml" />
  </channel>
</rss>
