<?xml version="1.0" encoding="utf-8" standalone="yes"?>
<rss version="2.0" xmlns:atom="http://www.w3.org/2005/Atom">
  <channel>
    <title>Tags on FRC 453 Website</title>
    <link>https://rockemsockemrobotics.com/tags/</link>
    <description>Recent content in Tags on FRC 453 Website</description>
    <generator>Hugo -- gohugo.io</generator>
    <language>en-us</language>
    <lastBuildDate>Fri, 24 Feb 2023 00:00:00 +0000</lastBuildDate><atom:link href="https://rockemsockemrobotics.com/tags/index.xml" rel="self" type="application/rss+xml" />
    <item>
      <title>webdev</title>
      <link>https://rockemsockemrobotics.com/tags/webdev/</link>
      <pubDate>Fri, 24 Feb 2023 00:00:00 +0000</pubDate>
      
      <guid>https://rockemsockemrobotics.com/tags/webdev/</guid>
      <description></description>
    </item>
    
  </channel>
</rss>
